Workbook

Sheet Overview
A1: Dex | B1: Caught | C1: Obtainable* | D1: Percentage | E1: Shiny Caught | F1: Shiny Obtainable | G1: Percentage
A2: Living Form Dex | B2: =B4+B16 -> #REF! | C2: =C4+C16 -> #REF! | D2: =B2/C2 -> #REF! | E2: =E4+E16 -> #REF! | F2: =F4+F16 -> #REF! | G2: =G4+G16 -> #REF! | I2: *1391+Hisuian Sneasel♀
I3: (only regional with gender variation)
A4: National Dex | B4: =SUM(B5:B13) -> #REF! | C4: =SUM(C5:C13) -> #REF! | D4: =B4/C4 -> #REF! | E4: =SUM(E5:E13) -> #REF! | F4: =SUM(F5:F13) -> #REF! | G4: =E4/F4 -> #REF!
A5: Gen 1 | B5: {=SUMPRODUCT((Pokédex!D2:D1280="I")*(Pokédex!#REF!="x")*(Pokédex!#REF!="-")*(Pokédex!#REF!="-")*(Pokédex!#REF!="-"))} -> #REF! | C5: {=SUMPRODUCT((Pokédex!D2:D1280="I")*(Pokédex!#REF!="No"))} -> #REF! | D5: =B5/C5 -> #REF! | E5: {=SUMPRODUCT((Pokédex!D2:D1280="I")*ISNUMBER(MATCH(Pokédex!#REF!,{"Event","self caught","obtained"},0))*(Pokédex!#REF!="-")*(Pokédex!#REF!="-")*(Pokédex!#REF!="-"))} -> #REF! | F5: {=SUMPRODUCT((Pokédex!D2:D1280="I")*(Pokédex!#REF!="x")*(Pokédex!#REF!="-")*(Pokédex!#REF!="-")*(Pokédex!#REF!="-")*(Pokédex!#REF!<>"Locked"))} -> #REF! | G5: =E5/F5 -> #REF!
A6: Gen 2 | B6: {=SUMPRODUCT((Pokédex!D2:D1280="II")*(Pokédex!#REF!="x")*(Pokédex!#REF!="-")*(Pokédex!#REF!="-")*(Pokédex!#REF!="-"))} -> #REF! | C6: {=SUMPRODUCT((Pokédex!D2:D1280="II")*(Pokédex!#REF!="No"))} -> #REF! | D6: =B6/C6 -> #REF! | E6: {=SUMPRODUCT((Pokédex!D2:D1280="II")*ISNUMBER(MATCH(Pokédex!#REF!,{"Event","self caught","obtained"},0))*(Pokédex!#REF!="-")*(Pokédex!#REF!="-")*(Pokédex!#REF!="-"))} -> #REF! | F6: {=SUMPRODUCT((Pokédex!D2:D1280="II")*(Pokédex!#REF!="x")*(Pokédex!#REF!="-")*(Pokédex!#REF!="-")*(Pokédex!#REF!="-")*(Pokédex!#REF!<>"Locked"))} -> #REF! | G6: =E6/F6 -> #REF!
A7: Gen 3 | B7: {=SUMPRODUCT((Pokédex!D2:D1280="III")*(Pokédex!#REF!="x")*(Pokédex!#REF!="-")*(Pokédex!#REF!="-")*(Pokédex!#REF!="-"))} -> #REF! | C7: {=SUMPRODUCT((Pokédex!D2:D1280="III")*(Pokédex!#REF!="No"))} -> #REF! | D7: =B7/C7 -> #REF! | E7: {=SUMPRODUCT((Pokédex!D2:D1280="III")*ISNUMBER(MATCH(Pokédex!#REF!,{"Event","self caught","obtained"},0))*(Pokédex!#REF!="-")*(Pokédex!#REF!="-")*(Pokédex!#REF!="-"))} -> #REF! | F7: {=SUMPRODUCT((Pokédex!D2:D1280="III")*(Pokédex!#REF!="x")*(Pokédex!#REF!="-")*(Pokédex!#REF!="-")*(Pokédex!#REF!="-")*(Pokédex!#REF!<>"Locked"))} -> #REF! | G7: =E7/F7 -> #REF!
A8: Gen 4 | B8: {=SUMPRODUCT((Pokédex!D2:D1280="IV")*(Pokédex!#REF!="x")*(Pokédex!#REF!="-")*(Pokédex!#REF!="-")*(Pokédex!#REF!="-"))} -> #REF! | C8: {=SUMPRODUCT((Pokédex!D2:D1280="IV")*(Pokédex!#REF!="No"))} -> #REF! | D8: =B8/C8 -> #REF! | E8: {=SUMPRODUCT((Pokédex!D2:D1280="IV")*ISNUMBER(MATCH(Pokédex!#REF!,{"Event","self caught","obtained"},0))*(Pokédex!#REF!="-")*(Pokédex!#REF!="-")*(Pokédex!#REF!="-"))} -> #REF! | F8: {=SUMPRODUCT((Pokédex!D2:D1280="IV")*(Pokédex!#REF!="x")*(Pokédex!#REF!="-")*(Pokédex!#REF!="-")*(Pokédex!#REF!="-")*(Pokédex!#REF!<>"Locked"))} -> #REF! | G8: =E8/F8 -> #REF!
A9: Gen 5 | B9: {=SUMPRODUCT((Pokédex!D2:D1280="V")*(Pokédex!#REF!="x")*(Pokédex!#REF!="-")*(Pokédex!#REF!="-")*(Pokédex!#REF!="-"))} -> #REF! | C9: {=SUMPRODUCT((Pokédex!D2:D1280="V")*(Pokédex!#REF!="No"))} -> #REF! | D9: =B9/C9 -> #REF! | E9: {=SUMPRODUCT((Pokédex!D2:D1280="V")*ISNUMBER(MATCH(Pokédex!#REF!,{"Event","self caught","obtained"},0))*(Pokédex!#REF!="-")*(Pokédex!#REF!="-")*(Pokédex!#REF!="-"))} -> #REF! | F9: {=SUMPRODUCT((Pokédex!D2:D1280="V")*(Pokédex!#REF!="x")*(Pokédex!#REF!="-")*(Pokédex!#REF!="-")*(Pokédex!#REF!="-")*(Pokédex!#REF!<>"Locked"))} -> #REF! | G9: =E9/F9 -> #REF!
A10: Gen 6 | B10: {=SUMPRODUCT((Pokédex!D2:D1280="VI")*(Pokédex!#REF!="x")*(Pokédex!#REF!="-")*(Pokédex!#REF!="-")*(Pokédex!#REF!="-"))} -> #REF! | C10: {=SUMPRODUCT((Pokédex!D2:D1280="VI")*(Pokédex!#REF!="No"))} -> #REF! | D10: =B10/C10 -> #REF! | E10: {=SUMPRODUCT((Pokédex!D2:D1280="VI")*ISNUMBER(MATCH(Pokédex!#REF!,{"Event","self caught","obtained"},0))*(Pokédex!#REF!="-")*(Pokédex!#REF!="-")*(Pokédex!#REF!="-"))} -> #REF! | F10: {=SUMPRODUCT((Pokédex!D2:D1280="VI")*(Pokédex!#REF!="x")*(Pokédex!#REF!="-")*(Pokédex!#REF!="-")*(Pokédex!#REF!="-")*(Pokédex!#REF!<>"Locked"))} -> #REF! | G10: =E10/F10 -> #REF!
A11: Gen 7 | B11: {=SUMPRODUCT((Pokédex!D2:D1280="VII")*(Pokédex!#REF!="x")*(Pokédex!#REF!="-")*(Pokédex!#REF!="-")*(Pokédex!#REF!="-"))} -> #REF! | C11: {=SUMPRODUCT((Pokédex!D2:D1280="VII")*(Pokédex!#REF!="No"))} -> #REF! | D11: =B11/C11 -> #REF! | E11: {=SUMPRODUCT((Pokédex!D2:D1280="VII")*ISNUMBER(MATCH(Pokédex!#REF!,{"Event","self caught","obtained"},0))*(Pokédex!#REF!="-")*(Pokédex!#REF!="-")*(Pokédex!#REF!="-"))} -> #REF! | F11: {=SUMPRODUCT((Pokédex!D2:D1280="VII")*(Pokédex!#REF!="x")*(Pokédex!#REF!="-")*(Pokédex!#REF!="-")*(Pokédex!#REF!="-")*(Pokédex!#REF!<>"Locked"))} -> #REF! | G11: =E11/F11 -> #REF!
A12: Gen 8 | B12: {=SUMPRODUCT((Pokédex!D2:D1280="VIII")*(Pokédex!#REF!="x")*(Pokédex!#REF!="-")*(Pokédex!#REF!="-")*(Pokédex!#REF!="-"))} -> #REF! | C12: {=SUMPRODUCT((Pokédex!D2:D1280="VIII")*(Pokédex!#REF!="No"))} -> #REF! | D12: =B12/C12 -> #REF! | E12: {=SUMPRODUCT((Pokédex!D2:D1280="VIII")*ISNUMBER(MATCH(Pokédex!#REF!,{"Event","self caught","obtained"},0))*(Pokédex!#REF!="-")*(Pokédex!#REF!="-")*(Pokédex!#REF!="-"))} -> #REF! | F12: {=SUMPRODUCT((Pokédex!D2:D1280="VIII")*(Pokédex!#REF!="x")*(Pokédex!#REF!="-")*(Pokédex!#REF!="-")*(Pokédex!#REF!="-")*(Pokédex!#REF!<>"Locked"))} -> #REF! | G12: =E12/F12 -> #REF!
A13: Gen 9 | B13: {=SUMPRODUCT((Pokédex!D2:D1280="IX")*(Pokédex!#REF!="x")*(Pokédex!#REF!="-")*(Pokédex!#REF!="-")*(Pokédex!#REF!="-"))} -> #REF! | C13: {=SUMPRODUCT((Pokédex!D2:D1280="IX")*(Pokédex!#REF!="No"))} -> #REF! | D13: =B13/C13 -> #REF! | E13: {=SUMPRODUCT((Pokédex!D2:D1280="IX")*ISNUMBER(MATCH(Pokédex!#REF!,{"Event","self caught","obtained"},0))*(Pokédex!#REF!="-")*(Pokédex!#REF!="-")*(Pokédex!#REF!="-"))} -> #REF! | F13: {=SUMPRODUCT((Pokédex!D2:D1280="IX")*(Pokédex!#REF!="x")*(Pokédex!#REF!="-")*(Pokédex!#REF!="-")*(Pokédex!#REF!="-")*(Pokédex!#REF!<>"Locked"))} -> #REF! | G13: =E13/F13 -> #REF!
A14: Gen 10 | C14: {=SUMPRODUCT((Pokédex!D2:D1280="X")*(Pokédex!#REF!="No"))} -> #REF!
A16: Boxable Forms (Home Compatible) | B16: =SUM(B17:B19) -> #REF! | C16: =SUM(C17:C19) -> #REF! | D16: =B16/C16 -> #REF! | E16: =SUM(E17:E19) -> #REF! | F16: =SUM(F17:F19) -> #REF! | G16: =E16/F16 -> #REF!
A17: Gender Variation | B17: {=SUMPRODUCT((Pokédex!#REF!="x")*(Pokédex!#REF!="obtained"))} -> #REF! | C17: =COUNTIF(Pokédex!#REF!,"x") -> #REF! | D17: =B17/C17 -> #REF! | E17: {=SUMPRODUCT((Pokédex!#REF!="x")*ISNUMBER(MATCH(Pokédex!#REF!,{"Event","self caught","obtained"},0)))} -> #REF! | F17: {=SUMPRODUCT((Pokédex!#REF!="x")-((Pokédex!#REF!="x")*((Pokédex!#REF!="Locked Form")+(Pokédex!#REF!="Locked"))))} -> #REF! | G17: =E17/F17 -> #REF!
A18: Alternate Forms | B18: {=SUMPRODUCT((Pokédex!#REF!="x")*(Pokédex!#REF!="obtained"))} -> #REF! | C18: =COUNTIF(Pokédex!#REF!,"x") -> #REF! | D18: =B18/C18 -> #REF! | E18: {=SUMPRODUCT((Pokédex!#REF!="x")*ISNUMBER(MATCH(Pokédex!#REF!,{"Event","self caught","obtained"},0)))} -> #REF! | F18: {=SUMPRODUCT((Pokédex!#REF!="x")-((Pokédex!#REF!="x")*((Pokédex!#REF!="Locked Form")+(Pokédex!#REF!="Locked"))))} -> #REF! | G18: =E18/F18 -> #REF!
A19: Regional Pokémon | B19: =SUM(B20:B23) -> #REF! | C19: =SUM(C20:C23) -> #REF! | D19: =B19/C19 -> #REF! | E19: =SUM(E20:E23) -> #REF! | F19: =SUM(F20:F23) -> #REF! | G19: =E19/F19 -> #REF!
A20: Alolan Forms | B20: {=SUMPRODUCT((Pokédex!#REF!="Alola")*(Pokédex!#REF!="obtained"))} -> #REF! | C20: =COUNTIF(Pokédex!#REF!,"Alola") -> #REF! | D20: =B20/C20 -> #REF! | E20: {=SUMPRODUCT((Pokédex!#REF!="Alola")*ISNUMBER(MATCH(Pokédex!#REF!,{"Event","self caught","obtained"},0)))} -> #REF! | F20: {=SUMPRODUCT((Pokédex!#REF!="Alola")*((Pokédex!#REF!<>"Locked")*(Pokédex!#REF!<>"Locked Form")))} -> #REF! | G20: =E20/F20 -> #REF!
A21: Galarian Forms | B21: {=SUMPRODUCT((Pokédex!#REF!="Galar")*(Pokédex!#REF!="obtained"))} -> #REF! | C21: =COUNTIF(Pokédex!#REF!,"Galar") -> #REF! | D21: =B21/C21 -> #REF! | E21: {=SUMPRODUCT((Pokédex!#REF!="Galar")*ISNUMBER(MATCH(Pokédex!#REF!,{"Event","self caught","obtained"},0)))} -> #REF! | F21: {=SUMPRODUCT((Pokédex!#REF!="Galar")*((Pokédex!#REF!<>"Locked")*(Pokédex!#REF!<>"Locked Form")))} -> #REF! | G21: =E21/F21 -> #REF!
A22: Hisuian Forms | B22: {=SUMPRODUCT((Pokédex!#REF!="Hisui")*(Pokédex!#REF!="obtained"))} -> #REF! | C22: =COUNTIF(Pokédex!#REF!,"Hisui") -> #REF! | D22: =B22/C22 -> #REF! | E22: {=SUMPRODUCT((Pokédex!#REF!="Hisui")*ISNUMBER(MATCH(Pokédex!#REF!,{"Event","self caught","obtained"},0)))} -> #REF! | F22: {=SUMPRODUCT((Pokédex!#REF!="Hisui")*((Pokédex!#REF!<>"Locked")*(Pokédex!#REF!<>"Locked Form")))} -> #REF! | G22: =E22/F22 -> #REF!
A23: Paldean Forms | B23: {=SUMPRODUCT((Pokédex!#REF!="Paldea")*(Pokédex!#REF!="obtained"))} -> #REF! | C23: =COUNTIF(Pokédex!#REF!,"Paldea") -> #REF! | D23: =B23/C23 -> #REF! | E23: {=SUMPRODUCT((Pokédex!#REF!="Paldea")*ISNUMBER(MATCH(Pokédex!#REF!,{"Event","self caught","obtained"},0)))} -> #REF! | F23: {=SUMPRODUCT((Pokédex!#REF!="Paldea")*((Pokédex!#REF!<>"Locked")*(Pokédex!#REF!<>"Locked Form")))} -> #REF! | G23: =E23/F23 -> #REF!
A25: Collectables
A26: N's Pokémon | B26: =COUNTIF(Pokédex!#REF!,"obtained") -> #REF! | C26: =COUNTIF(Pokédex!#REF!,"x") -> #REF! | D26: =B26/C26 -> #REF!
A27: Totem | B27: =COUNTIF(Pokédex!#REF!,"obtained") -> #REF! | C27: {=SUM(COUNTIF(Pokédex!#REF!,{"US","UM","USUM"}))} -> #REF! | D27: =B27/C27 -> #REF!
A28: Gigantamax | B28: {=SUMPRODUCT((Pokédex!#REF!="obtained")*(Pokédex!#REF!="x"))} -> #REF! | C28: =COUNTIF(Pokédex!#REF!,"x") -> #REF! | D28: =B28/C28 -> #REF!
A29: Gmax Factor | B29: =COUNTIF(Pokédex!#REF!,"obtained") -> #REF! | C29: {=SUM(COUNTIF(Pokédex!#REF!,{"obtained","unobtained"}))} -> #REF! | D29: =B29/C29 -> #REF!
A30: Titan | B30: =COUNTIF(Pokédex!#REF!,"obtained") -> #REF! | C30: =COUNTIF(Pokédex!#REF!,"x") -> #REF! | D30: =B30/C30 -> #REF!
A31: Mightiest Mark | B31: =COUNTIF(Pokédex!#REF!,"obtained") -> #REF! | C31: =COUNTIF(Pokédex!#REF!,"x") -> #REF! | D31: =B31/C31 -> #REF!
A32: Alpha Forms | B32: =COUNTIF(Pokédex!#REF!,"obtained") -> #REF! | C32: =COUNTIF(Pokédex!#REF!,"x") -> #REF! | D32: =B32/C32 -> #REF!

Sheet Pokédex
A1: DexEntry | B1: DexNo | C1: Region | D1: Gen | E1: Pokemon | F1: Type 1 | G1: Type 2
A2: 1 | B2: 1 | C2: Kanto | D2: I | E2: Bulbasaur | F2: Grass | G2: Poison
A3: 2 | B3: 2 | C3: Kanto | D3: I | E3: Ivysaur | F3: Grass | G3: Poison
A4: 3 | B4: 3 | C4: Kanto | D4: I | E4: Venusaur | F4: Grass | G4: Poison
A5: 5 | B5: 4 | C5: Kanto | D5: I | E5: Charmander | F5: Fire | G5: -
A6: 6 | B6: 5 | C6: Kanto | D6: I | E6: Charmeleon | F6: Fire | G6: -
A7: 7 | B7: 6 | C7: Kanto | D7: I | E7: Charizard | F7: Fire | G7: Flying
A8: 8 | B8: 7 | C8: Kanto | D8: I | E8: Squirtle | F8: Water | G8: -
A9: 9 | B9: 8 | C9: Kanto | D9: I | E9: Wartortle | F9: Water | G9: -
A10: 10 | B10: 9 | C10: Kanto | D10: I | E10: Blastoise | F10: Water | G10: -
A11: 11 | B11: 10 | C11: Kanto | D11: I | E11: Caterpie | F11: Bug | G11: -
A12: 12 | B12: 11 | C12: Kanto | D12: I | E12: Metapod | F12: Bug | G12: -
A13: 13 | B13: 12 | C13: Kanto | D13: I | E13: Butterfree | F13: Bug | G13: Flying
... A1280: 1391 | B1280: 1025 | C1280: Paldea | D1280: IX | E1280: Pecharunt | F1280: Poison | G1280: Ghost
